Species name,Family,Major group
Amygdalus communis,,Angiosperm
Amygdalus davidiana,,Angiosperm
Amygdalus davidiana var. davidiana,,Angiosperm
Amygdalus davidiana var. potaninii,,Angiosperm
Amygdalus ferganensis,,Angiosperm
Amygdalus kansuensis,,Angiosperm
Amygdalus mira,,Angiosperm
Amygdalus mongolica,,Angiosperm
Amygdalus nana,,Angiosperm
Amygdalus pedunculata,,Angiosperm
Amygdalus persica,,Angiosperm
Amygdalus tangutica,,Angiosperm
Amygdalus triloba,,Angiosperm
Armeniaca dasycarpa,,Angiosperm
Armeniaca holosericea,,Angiosperm
Armeniaca hongpingensis,,Angiosperm
Armeniaca hypotrichodes,,Angiosperm
Armeniaca limeixing,,Angiosperm
Armeniaca mandshurica,,Angiosperm
Armeniaca mandshurica var. glabra,,Angiosperm
Armeniaca mandshurica var. mandshurica,,Angiosperm
Armeniaca mume,,Angiosperm
Armeniaca mume var. cernua,,Angiosperm
Armeniaca mume var. mume,,Angiosperm
Armeniaca mume var. pallescens,,Angiosperm
Armeniaca mume var. pubicaulina,,Angiosperm
Armeniaca sibirica,,Angiosperm
Armeniaca sibirica var. multipetala,,Angiosperm
Armeniaca sibirica var. pleniflora,,Angiosperm
Armeniaca sibirica var. pubescens,,Angiosperm
Armeniaca sibirica var. sibirica,,Angiosperm
Armeniaca vulgaris,,Angiosperm
Armeniaca vulgaris var. ansu,,Angiosperm
Armeniaca vulgaris var. meixianensis,,Angiosperm
Armeniaca vulgaris var. vulgaris,,Angiosperm
Armeniaca vulgaris var. zhidanensis,,Angiosperm
Armeniaca xianjuxing,,Angiosperm
Armeniaca zhengheensis,,Angiosperm
Celtis biondii,,Angiosperm
Celtis bungeana,,Angiosperm
Celtis cerasifera,,Angiosperm
Celtis chekiangensis,,Angiosperm
Celtis julianae,,Angiosperm
Celtis koraiensis,,Angiosperm
Celtis philippensis,,Angiosperm
Celtis philippensis var. philippensis,,Angiosperm
Celtis philippensis var. wightii,,Angiosperm
Celtis sinensis,,Angiosperm
Celtis tetrandra,,Angiosperm
Celtis timorensis,,Angiosperm
Celtis vandervoetiana,,Angiosperm
Cerasus avium,,Angiosperm
Cerasus campanulata,,Angiosperm
Cerasus campanulata var. wuyiensis,,Angiosperm
Cerasus caudata,,Angiosperm
Cerasus cerasoides,,Angiosperm
Cerasus clarofolia,,Angiosperm
Cerasus conadenia,,Angiosperm
Cerasus conradinae,,Angiosperm
Cerasus crataegifolius,,Angiosperm
Cerasus cyclamina,,Angiosperm
Cerasus cyclamina var. biflora,,Angiosperm
Cerasus cyclamina var. cyclamina,,Angiosperm
Cerasus dictyoneura,,Angiosperm
Cerasus dielsiana,,Angiosperm
Cerasus dielsiana var. abbreviata,,Angiosperm
Cerasus dielsiana var. dielsiana,,Angiosperm
Cerasus discadenia,,Angiosperm
Cerasus discoidea,,Angiosperm
Cerasus dolichadenia,,Angiosperm
Cerasus fruticosa,,Angiosperm
Cerasus glandulosa,,Angiosperm
Cerasus hefengensis,,Angiosperm
Cerasus henryi,,Angiosperm
Cerasus humilis,,Angiosperm
Cerasus japonica,,Angiosperm
Cerasus japonica var. japonica,,Angiosperm
Cerasus japonica var. nakaii,,Angiosperm
Cerasus japonica var. zhejiangensis,,Angiosperm
Cerasus mahaleb,,Angiosperm
Cerasus maximowiczii,,Angiosperm
Cerasus mugus,,Angiosperm
Cerasus patentipila,,Angiosperm
Cerasus pleiocerasus,,Angiosperm
Cerasus pogonostyla,,Angiosperm
Cerasus pogonostyla var. obovata,,Angiosperm
Cerasus pogonostyla var. pogonostyla,,Angiosperm
Cerasus polytricha,,Angiosperm
Cerasus pseudocerasus,,Angiosperm
Cerasus pusilliflora,,Angiosperm
Cerasus schneideriana,,Angiosperm
Cerasus serrula,,Angiosperm
Cerasus serrulata,,Angiosperm
Cerasus serrulata var. lannesiana,,Angiosperm
Cerasus serrulata var. pubescens,,Angiosperm
Cerasus serrulata var. serrulata,,Angiosperm
Cerasus setulosa,,Angiosperm
Cerasus stipulacea,,Angiosperm
Cerasus subhirtella,,Angiosperm
Cerasus szechuanica,,Angiosperm
Cerasus tatsienensis,,Angiosperm
Cerasus tianshanica,,Angiosperm
Cerasus tomentosa,,Angiosperm
Cerasus trichantha,,Angiosperm
Cerasus trichostoma,,Angiosperm
Cerasus vulgaris,,Angiosperm
Cerasus yaoana,,Angiosperm
Cerasus yedoensis,,Angiosperm
Cerasus yunnanensis,,Angiosperm
Cerasus yunnanensis var. polybotrys,,Angiosperm
Cerasus yunnanensis var. yunnanensis,,Angiosperm
Cotoneaster acuminatus,,Angiosperm
Cotoneaster acutifolius,,Angiosperm
Cotoneaster acutifolius var. acutifolius,,Angiosperm
Cotoneaster acutifolius var. glabricalyx,,Angiosperm
Cotoneaster acutifolius var. lucidus,,Angiosperm
Cotoneaster acutifolius var. villosulus,,Angiosperm
Cotoneaster adpressus,,Angiosperm
Cotoneaster affinis,,Angiosperm
Cotoneaster ambiguus,,Angiosperm
Cotoneaster apiculatus,,Angiosperm
Cotoneaster bullatus,,Angiosperm
Cotoneaster bullatus var. bullatus,,Angiosperm
Cotoneaster bullatus var. camilli-schneideri,,Angiosperm
Cotoneaster bullatus var. floribundus,,Angiosperm
Cotoneaster bullatus var. macrophyllus,,Angiosperm
Cotoneaster buxifolius,,Angiosperm
Cotoneaster buxifolius var. buxifolius,,Angiosperm
Cotoneaster buxifolius var. marginatus,,Angiosperm
Cotoneaster buxifolius var. rockii,,Angiosperm
Cotoneaster chengkangensis,,Angiosperm
Cotoneaster chingshuiensis,,Angiosperm
Cotoneaster conspicuus,,Angiosperm
Cotoneaster coriaceus,,Angiosperm
Cotoneaster dammeri,,Angiosperm
Cotoneaster dammeri var. dammeri,,Angiosperm
Cotoneaster dammeri var. radicans,,Angiosperm
Cotoneaster dielsianus,,Angiosperm
Cotoneaster dielsianus var. dielsianus,,Angiosperm
Cotoneaster dielsianus var. elegans,,Angiosperm
Cotoneaster divaricatus,,Angiosperm
Cotoneaster fangianus,,Angiosperm
Cotoneaster floridus,,Angiosperm
Cotoneaster foveolatus,,Angiosperm
Cotoneaster franchetii,,Angiosperm
Cotoneaster frigidus,,Angiosperm
Cotoneaster glabratus,,Angiosperm
Cotoneaster glaucophyllus,,Angiosperm
Cotoneaster glaucophyllus var. glaucophyllus,,Angiosperm
Cotoneaster glaucophyllus var. meiophyllus,,Angiosperm
Cotoneaster glaucophyllus var. serotinus,,Angiosperm
Cotoneaster glaucophyllus var. vestitus,,Angiosperm
Cotoneaster glomerulatus,,Angiosperm
Cotoneaster gracilis,,Angiosperm
Cotoneaster gracilis var. difficilis,,Angiosperm
Cotoneaster gracilis var. gracilis,,Angiosperm
Cotoneaster harrovianus,,Angiosperm
Cotoneaster harrysmithii,,Angiosperm
Cotoneaster hebephyllus,,Angiosperm
Cotoneaster hebephyllus var. fulvidus,,Angiosperm
Cotoneaster hebephyllus var. hebephyllus,,Angiosperm
Cotoneaster hebephyllus var. incanus,,Angiosperm
Cotoneaster hebephyllus var. majusculus,,Angiosperm
Cotoneaster horizontalis,,Angiosperm
Cotoneaster horizontalis var. horizontalis,,Angiosperm
Cotoneaster horizontalis var. perpusillus,,Angiosperm
Cotoneaster integerrimus,,Angiosperm
Cotoneaster langei,,Angiosperm
Cotoneaster melanocarpus,,Angiosperm
Cotoneaster microphyllus,,Angiosperm
Cotoneaster microphyllus var. cochleatus,,Angiosperm
Cotoneaster microphyllus var. glacialis,,Angiosperm
Cotoneaster microphyllus var. microphyllus,,Angiosperm
Cotoneaster microphyllus var. thymifolius,,Angiosperm
Cotoneaster mongolicus,,Angiosperm
Cotoneaster morrisonensis,,Angiosperm
Cotoneaster moupinensis,,Angiosperm
Cotoneaster multiflorus,,Angiosperm
Cotoneaster multiflorus var. atropurpureus,,Angiosperm
Cotoneaster multiflorus var. calocarpus,,Angiosperm
Cotoneaster multiflorus var. multiflorus,,Angiosperm
Cotoneaster nitens,,Angiosperm
Cotoneaster nitidifolius,,Angiosperm
Cotoneaster nitidus,,Angiosperm
Cotoneaster nitidus var. duthieanus,,Angiosperm
Cotoneaster nitidus var. nitidus,,Angiosperm
Cotoneaster nitidus var. parvifolius,,Angiosperm
Cotoneaster obscurus,,Angiosperm
Cotoneaster oliganthus,,Angiosperm
Cotoneaster pannosus,,Angiosperm
Cotoneaster pannosus var. pannosus,,Angiosperm
Cotoneaster pannosus var. robustior,,Angiosperm
Cotoneaster qungbixiensis,,Angiosperm
Cotoneaster reticulatus,,Angiosperm
Cotoneaster rhytidophyllus,,Angiosperm
Cotoneaster rosiflorus,,Angiosperm
Cotoneaster rotundifolius,,Angiosperm
Cotoneaster rubens,,Angiosperm
Cotoneaster rubens var. minimus,,Angiosperm
Cotoneaster rubens var. rubens,,Angiosperm
Cotoneaster salicifolius,,Angiosperm
Cotoneaster salicifolius var. angustus,,Angiosperm
Cotoneaster salicifolius var. henryanus,,Angiosperm
Cotoneaster salicifolius var. rugosus,,Angiosperm
Cotoneaster salicifolius var. salicifolius,,Angiosperm
Cotoneaster sanguineus,,Angiosperm
Cotoneaster schantungensis,,Angiosperm
Cotoneaster sherriffii,,Angiosperm
Cotoneaster silvestrii,,Angiosperm
Cotoneaster soongoricus,,Angiosperm
Cotoneaster soongoricus var. microcarpus,,Angiosperm
Cotoneaster soongoricus var. soongoricus,,Angiosperm
Cotoneaster spongbergii,,Angiosperm
Cotoneaster subadpressus,,Angiosperm
Cotoneaster submultiflorus,,Angiosperm
Cotoneaster taylorii,,Angiosperm
Cotoneaster tenuipes,,Angiosperm
Cotoneaster turbinatus,,Angiosperm
Cotoneaster uniflorus,,Angiosperm
Cotoneaster verruculosus,,Angiosperm
Cotoneaster wardii,,Angiosperm
Cotoneaster zabelii,,Angiosperm
Crataegus altaica,,Angiosperm
Crataegus aurantia,,Angiosperm
Crataegus chlorosarca,,Angiosperm
Crataegus chungtienensis,,Angiosperm
Crataegus cuneata,,Angiosperm
Crataegus cuneata var. cuneata,,Angiosperm
Crataegus cuneata var. tangchungchangii,,Angiosperm
Crataegus dahurica,,Angiosperm
Crataegus dahurica var. dahurica,,Angiosperm
Crataegus dahurica var. laevicalyx,,Angiosperm
Crataegus hupehensis,,Angiosperm
Crataegus kansuensis,,Angiosperm
Crataegus maximowiczii,,Angiosperm
Crataegus oresbia,,Angiosperm
Crataegus pinnatifida,,Angiosperm
Crataegus pinnatifida var. major,,Angiosperm
Crataegus pinnatifida var. pinnatifida,,Angiosperm
Crataegus pinnatifida var. psilosa,,Angiosperm
Crataegus remotilobata,,Angiosperm
Crataegus sanguinea,,Angiosperm
Crataegus scabrifolia,,Angiosperm
Crataegus shandongensis,,Angiosperm
Crataegus shensiensis,,Angiosperm
Crataegus songarica,,Angiosperm
Crataegus wilsonii,,Angiosperm
Eriobotrya bengalensis var. angustifolia,,Angiosperm
Eriobotrya cavaleriei,,Angiosperm
Eriobotrya deflexa,,Angiosperm
Eriobotrya elliptica,,Angiosperm
Eriobotrya fragrans,,Angiosperm
Eriobotrya fulvicoma,,Angiosperm
Eriobotrya henryi,,Angiosperm
Eriobotrya japonica,,Angiosperm
Eriobotrya malipoensis,,Angiosperm
Eriobotrya obovata,,Angiosperm
Eriobotrya prinoides,,Angiosperm
Eriobotrya salwinensis,,Angiosperm
Eriobotrya seguinii,,Angiosperm
Eriobotrya serrata,,Angiosperm
Eriobotrya tengyuehensis,,Angiosperm
Ficus abelii,,Angiosperm
Ficus altissima,,Angiosperm
Ficus ampelos,,Angiosperm
Ficus annulata,,Angiosperm
Ficus aurantiaca,,Angiosperm
Ficus auriculata,,Angiosperm
Ficus beipeiensis,,Angiosperm
Ficus benguetensis,,Angiosperm
Ficus benjamina,,Angiosperm
Ficus benjamina var. benjamina,,Angiosperm
Ficus benjamina var. nuda,,Angiosperm
Ficus callosa,,Angiosperm
Ficus cardiophylla,,Angiosperm
Ficus carica,,Angiosperm
Ficus caulocarpa,,Angiosperm
Ficus chapaensis,,Angiosperm
Ficus chartacea,,Angiosperm
Ficus chartacea var. chartacea,,Angiosperm
Ficus chartacea var. torulosa,,Angiosperm
Ficus concinna,,Angiosperm
Ficus cumingii,,Angiosperm
Ficus curtipes,,Angiosperm
Ficus cyrtophylla,,Angiosperm
Ficus daimingshanensis,,Angiosperm
Ficus dinganensis,,Angiosperm
Ficus drupacea,,Angiosperm
Ficus drupacea var. drupacea,,Angiosperm
Ficus drupacea var. pubescens,,Angiosperm
Ficus elastica,,Angiosperm
Ficus erecta,,Angiosperm
Ficus esquiroliana,,Angiosperm
Ficus filicauda,,Angiosperm
Ficus filicauda var. filicauda,,Angiosperm
Ficus filicauda var. longipes,,Angiosperm
Ficus fistulosa,,Angiosperm
Ficus formosana,,Angiosperm
Ficus fulva,,Angiosperm
Ficus fusuiensis,,Angiosperm
Ficus gasparriniana,,Angiosperm
Ficus gasparriniana var. esquirolii,,Angiosperm
Ficus gasparriniana var. gasparriniana,,Angiosperm
Ficus gasparriniana var. laceratifolia,,Angiosperm
Ficus geniculata,,Angiosperm
Ficus glaberrima,,Angiosperm
Ficus guangxiensis,,Angiosperm
Ficus guizhouensis,,Angiosperm
Ficus hederacea,,Angiosperm
Ficus henryi,,Angiosperm
Ficus heteromorpha,,Angiosperm
Ficus heterophylla,,Angiosperm
Ficus heteropleura,,Angiosperm
Ficus hirta,,Angiosperm
Ficus hispida,,Angiosperm
Ficus hookeriana,,Angiosperm
Ficus irisana,,Angiosperm
Ficus ischnopoda,,Angiosperm
Ficus kurzii,,Angiosperm
Ficus laevis,,Angiosperm
Ficus langkokensis,,Angiosperm
Ficus maclellandii,,Angiosperm
Ficus microcarpa,,Angiosperm
Ficus napoensis,,Angiosperm
Ficus neriifolia,,Angiosperm
Ficus nervosa,,Angiosperm
Ficus oligodon,,Angiosperm
Ficus orthoneura,,Angiosperm
Ficus ovatifolia,,Angiosperm
Ficus pandurata,,Angiosperm
Ficus pedunculosa,,Angiosperm
Ficus pisocarpa,,Angiosperm
Ficus polynervis,,Angiosperm
Ficus praetermissa,,Angiosperm
Ficus prostrata,,Angiosperm
Ficus pubigera,,Angiosperm
Ficus pubigera var. anserina,,Angiosperm
Ficus pubigera var. maliformis,,Angiosperm
Ficus pubigera var. pubigera,,Angiosperm
Ficus pubigera var. reticulata,,Angiosperm
Ficus pubilimba,,Angiosperm
Ficus pubinervis,,Angiosperm
Ficus pumila,,Angiosperm
Ficus pumila var. awkeotsang,,Angiosperm
Ficus pumila var. pumila,,Angiosperm
Ficus pyriformis,,Angiosperm
Ficus racemosa,,Angiosperm
Ficus racemosa var. miquelli,,Angiosperm
Ficus racemosa var. racemosa,,Angiosperm
Ficus religiosa,,Angiosperm
Ficus ruficaulis,,Angiosperm
Ficus rumphii,,Angiosperm
Ficus ruyuanensis,,Angiosperm
Ficus sagittata,,Angiosperm
Ficus sarmentosa,,Angiosperm
Ficus sarmentosa var. duclouxii,,Angiosperm
Ficus sarmentosa var. henryi,,Angiosperm
Ficus sarmentosa var. impressa,,Angiosperm
Ficus sarmentosa var. lacrymans,,Angiosperm
Ficus sarmentosa var. luducca,,Angiosperm
Ficus sarmentosa var. nipponica,,Angiosperm
Ficus sarmentosa var. sarmentosa,,Angiosperm
Ficus sarmentosa var. thunbergii,,Angiosperm
Ficus semicordata,,Angiosperm
Ficus septica,,Angiosperm
Ficus simplicissima,,Angiosperm
Ficus sinociliata,,Angiosperm
Ficus squamosa,,Angiosperm
Ficus stenophylla,,Angiosperm
Ficus stricta,,Angiosperm
Ficus subgen. Ficus,,Angiosperm
Ficus subgen. Pharmacosycea,,Angiosperm
Ficus subgen. Sycidium,,Angiosperm
Ficus subgen. Sycomorus,,Angiosperm
Ficus subgen. Synoecia,,Angiosperm
Ficus subgen. Urostigma,,Angiosperm
Ficus subincisa,,Angiosperm
Ficus subpisocarpa,,Angiosperm
Ficus subulata,,Angiosperm
Ficus tannoensis,,Angiosperm
Ficus tikoua,,Angiosperm
Ficus tinctoria,,Angiosperm
Ficus tinctoria subsp. gibbosa,,Angiosperm
Ficus tinctoria subsp. swinhoei,,Angiosperm
Ficus tinctoria subsp. tinctoria,,Angiosperm
Ficus trichocarpa Blume var. obtusa,,Angiosperm
Ficus trivia,,Angiosperm
Ficus trivia var. laevigata,,Angiosperm
Ficus trivia var. trivia,,Angiosperm
Ficus tsiangii,,Angiosperm
Ficus tuphapensis,,Angiosperm
Ficus undulata,,Angiosperm
Ficus vaccinioides,,Angiosperm
Ficus variegata,,Angiosperm
Ficus variolosa,,Angiosperm
Ficus vasculosa,,Angiosperm
Ficus virens,,Angiosperm
Ficus virgata,,Angiosperm
Ficus yunnanensis,,Angiosperm
Malus asiatica,,Angiosperm
Malus baccata,,Angiosperm
Malus baccata var. baccata,,Angiosperm
Malus baccata var. gracilis,,Angiosperm
Malus daochengensis,,Angiosperm
Malus doumeri,,Angiosperm
Malus halliana,,Angiosperm
Malus honanensis,,Angiosperm
Malus hupehensis,,Angiosperm
Malus hupehensis var. mengshanensis,,Angiosperm
Malus hupehensis var. taiensis,,Angiosperm
Malus jinxianensis,,Angiosperm
Malus kansuensis,,Angiosperm
Malus kansuensis var. calva,,Angiosperm
Malus kansuensis var. kansuensis,,Angiosperm
Malus komarovii,,Angiosperm
Malus leiocalyca,,Angiosperm
Malus mandshurica,,Angiosperm
Malus ombrophila,,Angiosperm
Malus prattii,,Angiosperm
Malus prattii var. glabrata,,Angiosperm
Malus prunifolia,,Angiosperm
Malus pumila,,Angiosperm
Malus rockii,,Angiosperm
Malus rockii var. calvostylata,,Angiosperm
Malus sieboldii,,Angiosperm
Malus sieversii,,Angiosperm
Malus sikkimensis,,Angiosperm
Malus spectabilis,,Angiosperm
Malus toringoides,,Angiosperm
Malus transitoria,,Angiosperm
Malus transitoria var. centralasiatica,,Angiosperm
Malus transitoria var. glabrescens,,Angiosperm
Malus transitoria var. transitoria,,Angiosperm
Malus x micromalus,,Angiosperm
Malus yunnanensis,,Angiosperm
Malus yunnanensis var. veitchii,,Angiosperm
Malus yunnanensis var. yunnanensis,,Angiosperm
Photinia anlungensis,,Angiosperm
Photinia arguta,,Angiosperm
Photinia arguta var. hookeri,,Angiosperm
Photinia arguta var. salicifolia,,Angiosperm
Photinia beauverdiana,,Angiosperm
Photinia beauverdiana var. beauverdiana,,Angiosperm
Photinia beauverdiana var. brevifolia,,Angiosperm
Photinia beckii,,Angiosperm
Photinia benthamiana,,Angiosperm
Photinia benthamiana var. benthamiana,,Angiosperm
Photinia benthamiana var. obovata,,Angiosperm
Photinia benthamiana var. salicifolia,,Angiosperm
Photinia berberidifolia,,Angiosperm
Photinia bergerae,,Angiosperm
Photinia blinii,,Angiosperm
Photinia bodinieri,,Angiosperm
Photinia bodinieri var. bodinieri,,Angiosperm
Photinia bodinieri var. longifolia,,Angiosperm
Photinia calleryana,,Angiosperm
Photinia callosa,,Angiosperm
Photinia chihsiniana,,Angiosperm
Photinia chingiana,,Angiosperm
Photinia chingiana var. chingiana,,Angiosperm
Photinia chingiana var. lipingensis,,Angiosperm
Photinia chingshuiensis,,Angiosperm
Photinia crassifolia,,Angiosperm
Photinia fokienensis,,Angiosperm
Photinia glabra,,Angiosperm
Photinia glomerata,,Angiosperm
Photinia hirsuta,,Angiosperm
Photinia hirsuta var. hirsuta,,Angiosperm
Photinia hirsuta var. lobulata,,Angiosperm
Photinia impressivena,,Angiosperm
Photinia impressivena var. impressivena,,Angiosperm
Photinia impressivena var. urceolocarpa,,Angiosperm
Photinia integrifolia,,Angiosperm
Photinia integrifolia var. flavidiflora,,Angiosperm
Photinia integrifolia var. integrifolia,,Angiosperm
Photinia komarovii,,Angiosperm
Photinia kwangsiensis,,Angiosperm
Photinia lanuginosa,,Angiosperm
Photinia lasiogyna,,Angiosperm
Photinia lasiogyna var. glabrescens,,Angiosperm
Photinia lasiogyna var. lasiogyna,,Angiosperm
Photinia lochengensis,,Angiosperm
Photinia loriformis,,Angiosperm
Photinia lucida,,Angiosperm
Photinia megaphylla,,Angiosperm
Photinia obliqua,,Angiosperm
Photinia parvifolia,,Angiosperm
Photinia parvifolia var. parvifolia,,Angiosperm
Photinia parvifolia var. subparvifolia,,Angiosperm
Photinia pilosicalyx,,Angiosperm
Photinia podocarpifolia,,Angiosperm
Photinia prionophylla,,Angiosperm
Photinia prionophylla var. nudifolia,,Angiosperm
Photinia prionophylla var. prionophylla,,Angiosperm
Photinia prunifolia,,Angiosperm
Photinia prunifolia var. denticulata,,Angiosperm
Photinia prunifolia var. prunifolia,,Angiosperm
Photinia raupingensis,,Angiosperm
Photinia schneideriana,,Angiosperm
Photinia schneideriana var. parviflora,,Angiosperm
Photinia schneideriana var. schneideriana,,Angiosperm
Photinia serratifolia,,Angiosperm
Photinia serratifolia var. ardisiifolia,,Angiosperm
Photinia serratifolia var. daphniphylloides,,Angiosperm
Photinia serratifolia var. lasiopetala,,Angiosperm
Photinia serratifolia var. serratifolia,,Angiosperm
Photinia sorbifolia,,Angiosperm
Photinia stenophylla,,Angiosperm
Photinia taishunensis,,Angiosperm
Photinia tsaii,,Angiosperm
Photinia tushanensis,,Angiosperm
Photinia villosa,,Angiosperm
Photinia villosa var. glabricalycina,,Angiosperm
Photinia villosa var. sinica,,Angiosperm
Photinia villosa var. villosa,,Angiosperm
Photinia zhejiangensis,,Angiosperm
Prunus cerasifera,,Angiosperm
Prunus domestica,,Angiosperm
Prunus gongshanensis,,Angiosperm
Prunus hainanensis,,Angiosperm
Prunus himalayana,,Angiosperm
Prunus hypoleuca,,Angiosperm
Prunus hypoxantha,,Angiosperm
Prunus insititia,,Angiosperm
Prunus salicina,,Angiosperm
Prunus salicina var. pubipes,,Angiosperm
Prunus salicina var. salicina,,Angiosperm
Prunus simonii,,Angiosperm
Prunus spinosa,,Angiosperm
Prunus ussuriensis,,Angiosperm
Pyrus armeniacifolia,,Angiosperm
Pyrus betulifolia,,Angiosperm
Pyrus bretschneideri,,Angiosperm
Pyrus calleryana,,Angiosperm
Pyrus calleryana var. calleryana,,Angiosperm
Pyrus calleryana var. integrifolia,,Angiosperm
Pyrus calleryana var. koehnei,,Angiosperm
Pyrus calleryana var. lanceata,,Angiosperm
Pyrus communis var. sativa,,Angiosperm
Pyrus hopeiensis,,Angiosperm
Pyrus pashia,,Angiosperm
Pyrus pashia var. grandiflora,,Angiosperm
Pyrus pashia var. kumaoni,,Angiosperm
Pyrus pashia var. obtusata,,Angiosperm
Pyrus pashia var. pashia,,Angiosperm
Pyrus phaeocarpa,,Angiosperm
Pyrus pseudopashia,,Angiosperm
Pyrus pyrifolia,,Angiosperm
Pyrus serrulata,,Angiosperm
Pyrus sinkiangensis,,Angiosperm
Pyrus ussuriensis,,Angiosperm
Pyrus xerophila,,Angiosperm
Rosa acicularis,,Angiosperm
Rosa albertii,,Angiosperm
Rosa anemoniflora,,Angiosperm
Rosa baiyushanensis,,Angiosperm
Rosa banksiae,,Angiosperm
Rosa banksiae var. banksiae,,Angiosperm
Rosa banksiae var. normalis,,Angiosperm
Rosa banksiopsis,,Angiosperm
Rosa beggeriana,,Angiosperm
Rosa beggeriana var. beggeriana,,Angiosperm
Rosa beggeriana var. lioui,,Angiosperm
Rosa bella,,Angiosperm
Rosa bella var. bella,,Angiosperm
Rosa bella var. nuda,,Angiosperm
Rosa berberifolia,,Angiosperm
Rosa bracteata,,Angiosperm
Rosa bracteata var. bracteata,,Angiosperm
Rosa bracteata var. scabriacaulis,,Angiosperm
Rosa brunonii,,Angiosperm
Rosa calyptopoda,,Angiosperm
Rosa caudata,,Angiosperm
Rosa caudata var. caudata,,Angiosperm
Rosa caudata var. maxima,,Angiosperm
Rosa chengkouensis,,Angiosperm
Rosa chinensis,,Angiosperm
Rosa chinensis var. chinensis,,Angiosperm
Rosa chinensis var. semperflorens,,Angiosperm
Rosa chinensis var. spontanea,,Angiosperm
Rosa corymbulosa,,Angiosperm
Rosa cymosa,,Angiosperm
Rosa cymosa var. cymosa,,Angiosperm
Rosa cymosa var. dapanshanensis,,Angiosperm
Rosa cymosa var. puberula,,Angiosperm
Rosa daishanensis,,Angiosperm
Rosa davidii,,Angiosperm
Rosa davidii var. davidii,,Angiosperm
Rosa davidii var. elongata,,Angiosperm
Rosa davurica,,Angiosperm
Rosa davurica var. davurica,,Angiosperm
Rosa davurica var. glabra,,Angiosperm
Rosa davurica var. setacea,,Angiosperm
Rosa deqenensis,,Angiosperm
Rosa derongensis,,Angiosperm
Rosa duplicata,,Angiosperm
Rosa fargesiana,,Angiosperm
Rosa farreri,,Angiosperm
Rosa fedtschenkoana,,Angiosperm
Rosa filipes,,Angiosperm
Rosa foetida var. persiana,,Angiosperm
Rosa forrestiana,,Angiosperm
Rosa giraldii,,Angiosperm
Rosa giraldii var. bidentata,,Angiosperm
Rosa giraldii var. giraldii,,Angiosperm
Rosa giraldii var. venulosa,,Angiosperm
Rosa glomerata,,Angiosperm
Rosa graciliflora,,Angiosperm
Rosa helenae,,Angiosperm
Rosa henryi,,Angiosperm
Rosa hezhangensis,,Angiosperm
Rosa hugonis,,Angiosperm
Rosa kokanica,,Angiosperm
Rosa koreana,,Angiosperm
Rosa koreana var. glandulosa,,Angiosperm
Rosa koreana var. koreana,,Angiosperm
Rosa kunmingensis,,Angiosperm
Rosa kwangtungensis,,Angiosperm
Rosa kwangtungensis var. kwangtungensis,,Angiosperm
Rosa kwangtungensis var. mollis,,Angiosperm
Rosa kwangtungensis var. plena,,Angiosperm
Rosa kweichowensis,,Angiosperm
Rosa laevigata,,Angiosperm
Rosa langyashanica,,Angiosperm
Rosa lasiosepala,,Angiosperm
Rosa laxa,,Angiosperm
Rosa laxa var. laxa,,Angiosperm
Rosa laxa var. mollis,,Angiosperm
Rosa lichiangensis,,Angiosperm
Rosa longicuspis,,Angiosperm
Rosa longicuspis var. longicuspis,,Angiosperm
Rosa longicuspis var. sinowilsonii,,Angiosperm
Rosa luciae,,Angiosperm
Rosa luciae var. luciae,,Angiosperm
Rosa luciae var. rosea,,Angiosperm
Rosa lucidissima,,Angiosperm
Rosa ludingensis,,Angiosperm
Rosa macrophylla,,Angiosperm
Rosa macrophylla var. glandulifera,,Angiosperm
Rosa macrophylla var. macrophylla,,Angiosperm
Rosa mairei,,Angiosperm
Rosa maximowicziana,,Angiosperm
Rosa miyiensis,,Angiosperm
Rosa morrisonensis,,Angiosperm
Rosa moyesii,,Angiosperm
Rosa moyesii var. moyesii,,Angiosperm
Rosa moyesii var. pubescens,,Angiosperm
Rosa multibracteata,,Angiosperm
Rosa multiflora,,Angiosperm
Rosa multiflora var. cathayensis,,Angiosperm
Rosa multiflora var. multiflora,,Angiosperm
Rosa murielae,,Angiosperm
Rosa odorata,,Angiosperm
Rosa odorata var. erubescens,,Angiosperm
Rosa odorata var. gigantea,,Angiosperm
Rosa odorata var. odorata,,Angiosperm
Rosa odorata var. pseudoindica,,Angiosperm
Rosa omeiensis,,Angiosperm
Rosa oxyacantha,,Angiosperm
Rosa persetosa,,Angiosperm
Rosa pinnatisepala,,Angiosperm
Rosa platyacantha,,Angiosperm
Rosa praelucens,,Angiosperm
Rosa prattii,,Angiosperm
Rosa pricei,,Angiosperm
Rosa primula,,Angiosperm
Rosa pseudobanksiae,,Angiosperm
Rosa roxburghii,,Angiosperm
Rosa rubus,,Angiosperm
Rosa rugosa,,Angiosperm
Rosa sambucina var. pubescens,,Angiosperm
Rosa saturata,,Angiosperm
Rosa saturata var. glandulosa,,Angiosperm
Rosa saturata var. saturata,,Angiosperm
Rosa sect. Banksianae,,Angiosperm
Rosa sect. Bracteatae,,Angiosperm
Rosa sect. Chinenses,,Angiosperm
Rosa sect. Cinnamomeae,,Angiosperm
Rosa sect. Laevigatae,,Angiosperm
Rosa sect. Microphyllae,,Angiosperm
Rosa sect. Pimpinellifoliae,,Angiosperm
Rosa sect. Synstylae,,Angiosperm
Rosa sericea,,Angiosperm
Rosa sertata,,Angiosperm
Rosa sertata var. multijuga,,Angiosperm
Rosa sertata var. sertata,,Angiosperm
Rosa setipoda,,Angiosperm
Rosa shangchengensis,,Angiosperm
Rosa sikangensis,,Angiosperm
Rosa sinobiflora,,Angiosperm
Rosa soulieana,,Angiosperm
Rosa soulieana var. microphylla,,Angiosperm
Rosa soulieana var. soulieana,,Angiosperm
Rosa soulieana var. sungpanensis,,Angiosperm
Rosa soulieana var. yunnanensis,,Angiosperm
Rosa spinosissima,,Angiosperm
Rosa spinosissima var. altaica,,Angiosperm
Rosa spinosissima var. spinosissima,,Angiosperm
Rosa subgen. Hulthemia,,Angiosperm
Rosa subgen. Rosa,,Angiosperm
Rosa sweginzowii,,Angiosperm
Rosa sweginzowii var. glandulosa,,Angiosperm
Rosa sweginzowii var. stevensii,,Angiosperm
Rosa sweginzowii var. sweginzowii,,Angiosperm
Rosa taiwanensis,,Angiosperm
Rosa taronensis,,Angiosperm
Rosa tibetica,,Angiosperm
Rosa transmorrisonensis,,Angiosperm
Rosa tsinglingensis,,Angiosperm
Rosa uniflorella,,Angiosperm
Rosa uniflorella subsp. adenopetala,,Angiosperm
Rosa webbiana,,Angiosperm
Rosa weisiensis,,Angiosperm
Rosa willmottiae,,Angiosperm
Rosa willmottiae var. glandulifera,,Angiosperm
Rosa willmottiae var. willmottiae,,Angiosperm
Rosa xanthina,,Angiosperm
Rosa zhongdianensis,,Angiosperm
Sibiraea angustata,,Angiosperm
Sibiraea laevigata,,Angiosperm
Sibiraea tomentosa,,Angiosperm
Sorbaria arborea,,Angiosperm
Sorbaria arborea var. arborea,,Angiosperm
Sorbaria arborea var. glabrata,,Angiosperm
Sorbaria arborea var. subtomentosa,,Angiosperm
Sorbaria kirilowii,,Angiosperm
Sorbaria sorbifolia,,Angiosperm
Sorbaria sorbifolia var. sorbifolia,,Angiosperm
Sorbaria sorbifolia var. stellipila,,Angiosperm
Sorbus albopilosa,,Angiosperm
Sorbus alnifolia,,Angiosperm
Sorbus alnifolia var. alnifolia,,Angiosperm
Sorbus alnifolia var. angulata,,Angiosperm
Sorbus alnifolia var. lobulata,,Angiosperm
Sorbus amabilis,,Angiosperm
Sorbus arguta,,Angiosperm
Sorbus aronioides,,Angiosperm
Sorbus astateria,,Angiosperm
Sorbus caloneura,,Angiosperm
Sorbus caloneura var. caloneura,,Angiosperm
Sorbus caloneura var. kwangtungensis,,Angiosperm
Sorbus coronata,,Angiosperm
Sorbus coronata var. ambrozyana,,Angiosperm
Sorbus coronata var. coronata,,Angiosperm
Sorbus coronata var. glabrescens,,Angiosperm
Sorbus corymbifera,,Angiosperm
Sorbus cuspidata,,Angiosperm
Sorbus discolor,,Angiosperm
Sorbus dunnii,,Angiosperm
Sorbus epidendron,,Angiosperm
Sorbus esserteauiana,,Angiosperm
Sorbus ferruginea,,Angiosperm
Sorbus filipes,,Angiosperm
Sorbus folgneri,,Angiosperm
Sorbus folgneri var. duplicatodentata,,Angiosperm
Sorbus folgneri var. folgneri,,Angiosperm
Sorbus foliolosa,,Angiosperm
Sorbus globosa,,Angiosperm
Sorbus glomerulata,,Angiosperm
Sorbus guanxianensis,,Angiosperm
Sorbus helenae,,Angiosperm
Sorbus helenae var. argutiserrata,,Angiosperm
Sorbus helenae var. helenae,,Angiosperm
Sorbus hemsleyi,,Angiosperm
Sorbus hupehensis,,Angiosperm
Sorbus hupehensis var. hupehensis,,Angiosperm
Sorbus hupehensis var. paucijuga,,Angiosperm
Sorbus insignis,,Angiosperm
Sorbus keissleri,,Angiosperm
Sorbus kiukiangensis,,Angiosperm
Sorbus kiukiangensis var. glabrescens,,Angiosperm
Sorbus kiukiangensis var. kiukiangensis,,Angiosperm
Sorbus koehneana,,Angiosperm
Sorbus lanpingensis,,Angiosperm
Sorbus macrantha,,Angiosperm
Sorbus medogensis,,Angiosperm
Sorbus megalocarpa,,Angiosperm
Sorbus megalocarpa var. cuneata,,Angiosperm
Sorbus megalocarpa var. megalocarpa,,Angiosperm
Sorbus meliosmifolia,,Angiosperm
Sorbus microphylla,,Angiosperm
Sorbus monbeigii,,Angiosperm
Sorbus multijuga,,Angiosperm
Sorbus obsoletidentata,,Angiosperm
Sorbus ochracea,,Angiosperm
Sorbus oligodonta,,Angiosperm
Sorbus pallescens,,Angiosperm
Sorbus pohuashanensis,,Angiosperm
Sorbus poteriifolia,,Angiosperm
Sorbus prattii,,Angiosperm
Sorbus prattii var. aestivalis,,Angiosperm
Sorbus prattii var. prattii,,Angiosperm
Sorbus pteridophylla,,Angiosperm
Sorbus pteridophylla var. pteridophylla,,Angiosperm
Sorbus pteridophylla var. tephroclada,,Angiosperm
Sorbus randaiensis,,Angiosperm
Sorbus reducta,,Angiosperm
Sorbus reducta var. pubescens,,Angiosperm
Sorbus reducta var. reducta,,Angiosperm
Sorbus rehderiana,,Angiosperm
Sorbus rehderiana var. cupreonitens,,Angiosperm
Sorbus rehderiana var. grosseserrata,,Angiosperm
Sorbus rehderiana var. rehderiana,,Angiosperm
Sorbus rhamnoides,,Angiosperm
Sorbus rhombifolia,,Angiosperm
Sorbus rufopilosa,,Angiosperm
Sorbus rufopilosa var. rufopilosa,,Angiosperm
Sorbus rufopilosa var. stenophylla,,Angiosperm
Sorbus salwinensis,,Angiosperm
Sorbus sargentiana,,Angiosperm
Sorbus scalaris,,Angiosperm
Sorbus setschwanensis,,Angiosperm
Sorbus subochracea,,Angiosperm
Sorbus tapashana,,Angiosperm
Sorbus thibetica,,Angiosperm
Sorbus thomsonii,,Angiosperm
Sorbus tianschanica,,Angiosperm
Sorbus tianschanica var. integrifoliolata,,Angiosperm
Sorbus tianschanica var. tianschanica,,Angiosperm
Sorbus tiantangensis,,Angiosperm
Sorbus tsinlingensis,,Angiosperm
Sorbus ursina,,Angiosperm
Sorbus ursina var. ursina,,Angiosperm
Sorbus ursina var. wenzigiana,,Angiosperm
Sorbus vilmorinii,,Angiosperm
Sorbus wilsoniana,,Angiosperm
Sorbus yuana,,Angiosperm
Sorbus yunnanensis,,Angiosperm
Sorbus zahlbruckneri,,Angiosperm
Sorbus zayuensis,,Angiosperm
Ulmus androssowii Litvinov var. subhirsuta,,Angiosperm
Ulmus bergmanniana,,Angiosperm
Ulmus bergmanniana var. bergmanniana,,Angiosperm
Ulmus bergmanniana var. lasiophylla,,Angiosperm
Ulmus castaneifolia,,Angiosperm
Ulmus changii,,Angiosperm
Ulmus changii var. changii,,Angiosperm
Ulmus changii var. kunmingensis,,Angiosperm
Ulmus chenmoui,,Angiosperm
Ulmus davidiana,,Angiosperm
Ulmus davidiana var. davidiana,,Angiosperm
Ulmus davidiana var. japonica,,Angiosperm
Ulmus elongata,,Angiosperm
Ulmus gaussenii,,Angiosperm
Ulmus glaucescens,,Angiosperm
Ulmus glaucescens var. glaucescens,,Angiosperm
Ulmus glaucescens var. lasiocarpa,,Angiosperm
Ulmus harbinensis,,Angiosperm
Ulmus laciniata,,Angiosperm
Ulmus lamellosa,,Angiosperm
Ulmus lanceifolia,,Angiosperm
Ulmus macrocarpa,,Angiosperm
Ulmus macrocarpa var. glabra,,Angiosperm
Ulmus macrocarpa var. macrocarpa,,Angiosperm
Ulmus mianzhuensis,,Angiosperm
Ulmus microcarpa,,Angiosperm
Ulmus parvifolia,,Angiosperm
Ulmus prunifolia,,Angiosperm
Ulmus pseudopropinqua,,Angiosperm
Ulmus pumila,,Angiosperm
Ulmus szechuanica,,Angiosperm
Ulmus uyematsui,,Angiosperm
Urtica angustifolia,,Angiosperm
Urtica ardens,,Angiosperm
Urtica atrichocaulis,,Angiosperm
Urtica cannabina,,Angiosperm
Urtica dioica,,Angiosperm
Urtica dioica subsp. afghanica,,Angiosperm
Urtica dioica subsp. dioica,,Angiosperm
Urtica dioica subsp. gansuensis,,Angiosperm
Urtica fissa,,Angiosperm
Urtica hyperborea,,Angiosperm
Urtica laetevirens,,Angiosperm
Urtica laetevirens subsp. cyanescens,,Angiosperm
Urtica laetevirens subsp. laetevirens,,Angiosperm
Urtica mairei,,Angiosperm
Urtica parviflora,,Angiosperm
Urtica taiwaniana,,Angiosperm
Urtica thunbergiana,,Angiosperm
Urtica triangularis,,Angiosperm
Urtica triangularis subsp. pinnatifida,,Angiosperm
Urtica triangularis subsp. triangularis,,Angiosperm
Urtica triangularis subsp. trichocarpa,,Angiosperm
Urtica urens,,Angiosperm